<?xml version="1.0" encoding="UTF-8" ?>
<phpdoc>
    <title>YITH Custom ThankYou Page for Woocommerce Premium</title>
    <parser>
        <target>../../output</target>
        <encoding>utf-8</encoding>
        <markers>
            <item>TODO</item>
	        <item>APPLY_FILTER</item>
            <item>DO_ACTION</item>
        </markers>
        <extensions>
            <extension>php</extension>
        </extensions>
    </parser>
    <transformer>
        <target>../../doc</target>
    </transformer>
    <transformations>
        <template name="clean" />
    </transformations>
    <files>
        <file>*.php</file>
        <directory>includes</directory>
        <directory>templates</directory>
    </files>
</phpdoc>
